;0
0;centroCatálogosInformación
1;Nombre
2;referencia
3;aprobación
4;tiempo
5;paraíso
6;temporada
7;terraza
8;jardín
9;balcón
10;SET
11;COJINES
12;OCULTACIÓN
13;COLECCIONES
14;ILUMINACIÓN
15;países
16;ADIÓS
17;INSECTOS
18;composición
19;cocina
20;baño
21;modo
22;vida
23;resina
24;baúles
25;ropero
26;TODAS
27;FACILIDADES
28;tarjeta
29;compra
30;FINANCIACIÓN
31;intereses
32;meses
33;Gastos
34;gestión
35;Intereses
36;compras
37;marzo
38;agosto
39;Ejemplos
40;financiación
41;Importe
42;gastos
43;importe
44;crédito
45;decimales
46;cuota
47;centro
48;servicios
49;proyectos
50;medios
51;pago
52;uso
53;privacidad
54;2000
55;cookies
56;terceros
57;ayudarte
58;navegación
59;AMUEBLAMOS
60;DECORACIÓN
61;SOLUCIONES
62;GALERÍAS
63;cama
64;madera
65;MUEBLES
66;DORMITORIO
67;love
68;ambiente
69;spazioteca
70;silla
71;saint
72;pie
73;metal
74;mesa
75;cartegena
76;compacto
77;camas
78;estudio
79;armarios
80;literas
81;mas
82;armario
83;HABITACIONES
84;brillo
85;VESTIDORES
86;espacios
87;color
88;iluminación
89;fundamentos
90;decoración
91;lógica
92;años
93;familias
94;alrededores
95;casa
96;OBJETIVO
97;tarea
98;sueños
99;experiencias
100;sentimientos
101;hogar
102;TENDENCIAS
103;arquitectura
104;casas
105;conceptos
106;amueblamiento
107;ideas
108;ambientes
109;funcionalidad
110;estética
111;necesidades
112;CALIDAD
113;calidades
114;muebles
115;combinación
116;materiales
117;disfrutarlos
118;SERVICIO
119;problema
120;clientes
121;generaciones
122;calidad
123;productos
124;fiabilidad
125;servicio
126;ESTUDIO
127;selección
128;poder
129;mostrarlo
130;exposición
131;decoradores
132;vuestras
133;CLIENTES
134;SATISFECHOS
135;PROYECTOS
136;AÑOS
137;DICHOS
138;REFRANERO
139;RENOVARSE
140;HOME
141;LETRA
142;EXPOSICIÓN
143;ESTAMOS
144;PROPUESTAS
145;APORTEN
146;AIRE
147;PRODUCTOS
148;ARIANNE
149;modelo
150;versión
151;antecesor
152;medidas
153;módulo
154;rincón
155;mesas
156;tapas
157;parte
158;innovador
159;asiento
160;MEJOR
161;MERCADO
162;BIZKAIA
163;TELÉFONO
164;LUNES
165;TARDE
166;MARTES
167;SABADO
168;CUENTA
169;LISTA
170;DESEOS
171;SESIÓN
172;TIENDAS
173;tienda
174;INSPIRACIÓN
175;CARRERA
176;comedor
177;salón
178;dormitorio
179;vestíbulo
180;oficina
181;1399
182;dirección
183;marrón
184;cm
185;-20
186;cajones
187;puerta
188;blanco
189;espejo
190;bosque
191;funciones
192;retro
193;-31
194;baldas
195;castle
196;atención
197;frase
198;significado
199;castillo
200;lugar
201;restricciones
202;equilibrio
203;energía
204;remanso
205;paz
206;retiro
207;punto
208;encuentro
209;familia
210;amigos
211;palabras
212;gusto
213;conseguirlo
214;importancia
215;concepto
216;estancias
217;expertos
218;alma
219;catálogo
220;encontrarás
221;sillas
222;variedad
223;prácticas
224;ensueño
225;diferencia
226;pasado
227;vez
228;centros
229;reunión
230;deberes
231;espacio
232;sitio
233;hogares
234;elemento
235;aparador
236;vitrina
237;zona
238;estilo
239;deseos
240;preferencias
241;diseños
242;pino
243;aceitados
244;cuadradas
245;macizas
246;finas
247;diseño
248;prefieres
249;perfectos
250;comodidad
251;muchísimas
252;maneras
253;estancia
254;confortables
255;sillones
256;colores
257;chillones
258;negro
259;gris
260;tapizados
261;cuero
262;tejidos
263;imaginación
264;hora
265;combinarlos
266;sofá
267;juego
268;supuesto
269;copa
270;plato
271;aperitivo
272;necesitarás
273;abedul
274;vidrio
275;aluminio
276;aire
277;formas
278;tamaños
279;realidad
280;estanterías
281;cómodas
282;objetos
283;perfección
284;nichos
285;arcones
286;almacenaje
287;equipo
288;fidelidad
289;dispositivos
290;multimedia
291;mandos
292;distancia
293;revistas
294;olvidarte
295;desorden
296;posibilidades
297;elementos
298;separado
299;series
300;tercio
301;mesita
302;noche
303;estructura
304;somier
305;colchón
306;moda
307;tienes
308;disposición
309;roble
310;modelos
311;caso
312;opción
313;atractivo
314;spring
315;espalda
316;columna
317;discos
318;libro
319;gafas
320;lámpara
321;ropa
322;chaquetas
323;rústicos
324;gustos
325;entrada
326;falta
327;zapatos
328;gorros
329;percheros
330;manera
331;prendas
332;complementos
333;orden
334;estantes
335;llaves
336;móvil
337;nada
338;ejemplo
339;hijos
340;sentaros
341;poneros
342;banco
343;también
344;visita
345;invitados
346;vistazo
347;toque
348;rendimiento
349;trabajas
350;despacho
351;rinconcito
352;portátil
353;horas
354;escritorios
355;filosofía
356;escojas
357;tersura
358;piel
359;Respaldo
360;expectativas
361;asesorarte
362;Muebles
363;princesas
364;aventureros
365;cuarto
366;tus
367;guarida
368;número
369;niños
370;alturas
371;altura
372;tobogán
373;sensación
374;accesorios
375;túneles
376;torres
377;cortinas
378;castillos
379;leyenda
380;acogedoras
381;guaridas
382;acompañantes
383;ducha
384;templo
385;toallas
386;estantería
387;lavabo
388;quieres
389;serie
390;puedes
391;conjunto
392;bonitos
393;nogal
394;bambú
395;tranquilidad
396;relajación
397;efecto
398;personalidad
399;hueco
400;nicho
401;vacío
402;Verás
403;agradables
404;luminosas
405;determinado
406;acento
407;marcarás
408;Prefieres
409;vintage
410;líneas
411;encuentres
412;inspiración
413;aparadores
414;colchones
415;somieres
416;infinidad
417;definitiva
418;preguntas
419;ponerte
420;contacto
421;teléfono
422;tiendas
423;correo
424;atenderte
425;newsletter
426;oferta
427;envío
428;artículo
429;volumen
430;10.-
431;cliente
432;montaje
433;empresa
434;trabajo
435;desistimiento
436;protección
437;datos
438;marcas
439;2019
440;publicidad
441;análisis
442;hábitos
443;información
444;configuración
445;herramienta
446;dinero
447;obras
448;reformas
449;piscina
450;GUÍA
451;CLIMATIZACIÓN
452;sistema
453;climatización
454;tratamiento
455;MAQUINARIA
456;maquinaria
457;agua
458;día
459;vivienda
460;SEGURIDAD
461;Ideas
462;consejos
463;HUERTO
464;huerto
465;oportunidades
466;perderte
467;válido
468;península
469;disponibilidad
470;variaciones
471;2016
472;pasos
473;otoño
474;noviembre
475;tardes
476;ocasión
477;look
478;bienvenida
479;enamorarte
480;partir
481;línea
482;resultado
483;imaginado
484;salones
485;estilos
486;libros
487;veces
488;solución
489;vista
490;mantas
491;cojines
492;arcón
493;chaise
494;idea
495;cantidad
496;vistos
497;opciones
498;giro
499;distribución
500;mueble
501;televisión
502;cuenta
503;posición
504;ventanas
505;radiadores
506;acondicionado
507;festival
508;tapizado
509;fundas
510;celeste
511;rayas
512;rojo
513;burdeos
514;marrones
515;salon
516;lectura
517;excelencia
518;protagonismo
519;novela
520;utilidad
521;jarrón
522;flores
523;taza
524;café
525;redecorarlo
526;Compártelo
527;ACTUALIDAD
528;septiembre
529;2018
530;nombre
531;transformables
532;décadas
533;papel
534;decorarlo
535;forma
536;través
537;luz
538;tamaño
539;tele
540;elección
541;premisa
542;partida
543;blog
544;hacerte
545;rato
546;Artículos
547;precios
548;sello
549;soluciones
550;elecciones
551;solo
552;inspirarte
553;compromiso
554;buscas
555;resistencia
556;facilidad
557;limpieza
558;amplitud
559;tapa
560;precio
561;presupuesto
562;cristal
563;mm
564;producto
565;comedores
566;aprovechamiento
567;patas
568;acabado
569;búsqueda
570;Medidas
571;garantía
572;respuesta
573;descuento
574;convertirla
575;tipo
576;gritos
577;delicias
578;https://www.merkamuebleonline.com/35-mesas-y-sillas
579;turno
580;complemento
581;comidas
582;apartado
583;mundo
584;abanico
585;consonancia
586;confort
587;conforma
588;garantías
589;motivos
590;cabida
591;web
592;interior
593;tejido
594;sinfín
595;46x50x98
596;tendencia
597;días
598;artículos
599;éxito
600;indiscutibles
601;lista
602;paso
603;metalizada
604;recomendaciones
605;virtudes
606;venta
607;proyecto
608;apuestas
609;factores
610;desayuno
611;recomendación
612;rectas
613;situación
614;tonos
615;mecanismo
616;ocasiones
617;Silla
618;habitación
619;Momentos
620;noches
621;paredes
622;recuerdos
623;radiografía
624;cambio
625;aires
626;continuación
627;partido
628;reto
629;aventura
630;vosotros
631;principio
632;tormenta
633;verdad
634;deseáis
635;ventajas
636;sur
637;sol
638;largo
639;año
640;país
641;contrastes
642;suerte
643;ventana
644;exterior
645;mobiliario
646;escritorio
647;calidez
648;lunes
649;bombillas
650;intensidad
651;techo
652;lámparas
653;cuello
654;rango
655;esfuerzos
656;permitirnos
657;esfuerzo
658;verla
659;bienestar
660;neutros
661;marfil
662;grises
663;salmón
664;parquet
665;cuadros
666;cabecero
667;pintura
668;quebraderos
669;cabeza
670;edades
671;consejo
672;combínalos
673;base
674;operaciones
675;fiel
676;mañanas
677;finde
678;almohadones
679;ingredientes
680;hecho
681;descanso
682;lienzo
683;sintonía
684;resto
685;colcha
686;manta
687;receta
688;busca
689;mercado
690;tengas
691;instante
692;dormitorios
693;atajo
694;rumbo
695;tiradores
696;luces
697;vuelco
698;grados
699;calma
700;resumidas
701;cuentas
702;personaje
703;guinda
704;pastel
705;pósters
706;marco
707;suelo
708;perchas
709;exceso
710;medida
711;televisor
712;pared
713;soporte
714;jirafa
715;movimiento
716;accesorio
717;habitaciones
718;combinaciones
719;hacerlo
720;puesto
721;vas
722;actor
723;actriz
724;decorado
725;semana
726;sobrecargues
727;trates
728;minimalismo
729;partícipes
730;mereces
731;herramientas
732;pones
733;julio
734;dimensiones
735;podéis
736;guías
737;protagonista
738;amigo
739;mente
740;sofás
741;Productos
742;nivel
743;cuanto
744;presumen
745;necesidad
746;favor
747;potencia
748;tan
749;tapicería
750;mantenimiento
751;inversión
752;fibra
753;poliuretano
754;poliéster
755;sillón
756;material
757;espuma
758;durabilidad
759;manual
760;piernas
761;plazas
762;función
763;mecanismos
764;eléctricos
765;tableros
766;partículas
767;relax
768;asientos
769;cabeceros
770;pufs
771;capacidad
772;enseres
773;cabezales
774;posibilidad
775;izquierda
776;derecha
777;apertura
778;armazón
779;goma
780;206x98x105
781;manchas
782;rinconera
783;densidad
784;deslizantes
785;278x278x98
786;butacas
787;Haz
788;reine
789;tipos
790;satisfactorias
791;embargo
792;originalidad
793;recibidores
794;monedas
795;aprovecharlos
796;plantas
797;sala
798;huirás
799;manteles
800;quieras
801;televisores
802;superficie
803;router
804;videoconsola
805;reproductor
806;Espejos
807;espejos
808;espejoses
809;ubiquemos
810;estad
811;lugares
812;recibidor
813;pasillos
814;chimeneas
815;frente
816;zapateros
817;emplearlos
818;TWITTER
819;ETIQUETAS
820;AMBIENTES
821;APROVECHAMIENTO
822;ESPACIO
823;DESCANSO
824;TU
825;DORMITORIOS
826;MATRIMONIO
827;COMEDOR
828;RECIBIDOR
829;SALONES
830;MODERNOS
831;SILLONES
832;derechos
833;Aviso
834;experiencia
835;promociones
836;Envío
837;1942
838;favoritos
839;viernes
840;Sábado
841;verano
842;sábado
843;TIENDA
844;BILBAO
845;Edificio
846;asesores
847;48014
848;bilbao@muebleslafabrica.com
849;proyectostransporte
850;provinciagarantiasdepartamentopagofinanciacionaparcamientometro
851;bilbao
852;recepción
853;fábrica
