Word;Count
services;3
family;3
history;4
space;4
function;6
data;5
support;4
video;4
var;5
technology;3
return;3
service;3
document;4
engine;3
world;3
production;4
cookies;5
form;4
air;4
media;3
people;4
order;4
network;4
future;4
emission;4
performance;3
mask;4
ceo;4
minlength;4
span;5
use;4
work;4
com;8
years;4
information;5
products;4
delivery;3
content;6
site;3
maxlength;4
industry;4
characters;4
type;4
year;4
community;3
company;4
market;4
news;4
development;3
name;5
equipment;4
system;3
fuel;3
seat;4
width;4
height;3
oil;4
power;3
product;4
window;3
model;3
weight;4
original;4
length;4
spring;3
battery;4
capacity;3
fill;4
wheels;4
position;4
cut;3
price;3
slide;4
gas;4
manufacturer;4
details;4
output;4
city;4
vehicles;4
www;5
event;4
home;4
size;3
dealer;3
image;3
purposes;4
margin;4
business;4
way;4
value;3
auto;4
display;3
mobility;4
style;3
background;4
font;3
title;4
petrol;4
page;3
field;4
alt;4
none;3
line;3
deals;4
path;3
https;4
section;3
isdivider;3
web;3
class;4
label;3
link;3
leather;3
target;4
app;4
icon;4
color;4
text;3
input;4
policy;3
category;4
search;3
item;3
nbsp;4
investors;4
impact;4
culture;4
capital;4
investment;4
body;3
padding;4
container;4
row;4
share;4
hover;4
aframe;3
bar;4
article;4
transform;4
play;4
action;4
header;4
desktop;3
games;3
updates;3
